,singkatan,baku
0,ngatain,menghina
1,mengatakan,menghina
2,pnasaran,penasaran
3,ap,apa
4,somali,somasi
5,kaya,seperti
6,nyoba,coba
7,pas,waktu
8,launching,buka
9,the somasi of,somasi
10,min,admin
11,sebenernya,sebenarnya
12,kemaren,kemarin
13,esteh,es teh
14,eneg,enek
15,bikin,buat
16,kasih,beri
17,mending,lebih baik
18,aus,haus
19,end up,berakhir
20,hauss,haus
21,brand,merek
22,resenya,usil
23,rese,usil
24,buat,buat
25,brandnya,merek
26,ni,ini
27,kasusin,kasus
28,yauda,ya sudah
29,mindset,pemikiran
30,bener,benar
31,hater,pembenci
32,hate,benci
33,as a,sebagai
34,big brand,merek besar
35,even,meskipun
36,take,ambil
37,the criticism,kritik
38,step,langkah
39,become,menjadi
40,a better brand,merek yang lebih baik
41,outsider,beda
42,doyan,suka
43,redvelvet,red velvet
44,dikasih,beri
45,whipcream,krim
46,kudu,harus
47,medsos,media sosial
48,bad move,langkah yang buruk
49,very,sangat
50,rv,red velvet
51,esth,es teh
52,tydack,tidak
53,cocoks,cocok
54,ku,aku
55,anw,bagaimanapun
56,pulak,pula
57,eeknya,feses
58,ajg,anjing
59,jgabis,juga setelah
60,eek,berak
61,nyari,cari
62,pokonya,pokok
63,request,meminta
64,di pergunakan,dipergunakan
65,di sayang kan,disayangkan
66,ehh,eh
67,di jadikan,menjadikan
68,and,dan
69,the record,rekor
70,i,saya
71,stand with,mendukung
72,kg,kilogram
73,yekan,ya kan
74,dihinahina,hina
75,bakal,akan
76,cust,pelanggan
77,customer,pelanggan
78,masak,masa
79,dilakuin,dilakukan
80,sosmed,media sosial
81,diem,diam
82,bae,saja
83,lakuin,melakukan
84,nulis,tulis
85,si,sih
86,di katain,dihina
87,mas nya,mas
88,merk,merek
89,ngiung,giung
90,sukak,suka
91,alus,halus
92,lgs,langsung
93,dibaperin,terbawa perasaan
94,komplen,keluhan
95,store managernya,manajer toko
96,req,minta
97,ttp,tetap
98,njir,anjir
99,sekilo,satu kilogram
100,temenin,menemani
101,ydh,ya sudah
102,chizu nya,chizu
103,bangett,banget
104,bngtt,banget
105,nyimak,simak
106,case nya,kasus
107,loo,lho
108,manis nyaa,manisnya
109,di alihkan,dialihkan
110,gimmick,gimik
111,advertising,iklan
112,benificial,bermanfaat
113,di lihat,lihat
114,estehindonesia,es teh indonesia
115,nindas,tindas
116,power,kekuatan
117,post,pos
118,by email,melalui email
119,estehindonesia nya,es teh indonesia
120,pr,hubungan masyarakat
121,tweet nya,tweet
122,kenapaa,kenapa
123,netizenn,netizen
124,nusantara nya,nusantaranya
125,udalah,sudah lah
126,ea,es
127,belain,membela
128,tah,apa
129,diketawain,tertawa
130,macem,macam
131,cup,gelas
132,teh nya,teh
133,bg,abang
134,crv,chizu red velvet
135,temen,teman
136,makasih,terima kasih
137,added,tambahan
138,nomor sugar addedd,tidak ditambahkan gula
139,etapi,tetapi
140,nyobain,coba
141,cizzu,chizu
142,kalo,kalau
143,th,teh
144,rasa nya,rasa
145,cobain,coba
146,resiko,risiko
147,ajarin,ajar
148,mepet,dekat
149,indonsia,indonesia
150,diomongin,berbicara
151,sorry,maaf
152,beli nya,beli
153,taik,tahi
154,cmn,cuma
155,tai,tahi
156,segitu,begitu
157,kecewa nya,kecewa
158,kesel,kesal
159,hate speech,kebencian
160,bang,abang
161,full,penuh
162,kali,sekali
163,kao,kamu
164,noh,itu
165,bkl,akan
166,blok goblok,goblok
167,sombong nya,sombong
168,emangnya,memang
169,bro,kawan
170,ngebela,bela
171,kasar nya,kasarnya
172,tenggorokan nya,tenggorokan
173,ke banget an,kebangetan
174,belom,belum
175,velvet nya,velvet
176,chesse nya,keju
177,se,satu
178,somehow jangan like all this fuss about,entah bagaimana tidak menyukai keributan tentang
179,personally,sendiri
180,es nya,es
181,pesennya,pesan
182,sugarnya,gula
183,cos,karena
184,ke manisan,kemanisan
185,aslii,asli
186,anjg,anjing
187,biki,buat
188,ye,ya
189,tsnya,pelanggan
190,ngenormalisasi,normalisasi
191,twittard,twitter
192,dibeliin,beli
193,sesruput,satu seruput
194,sruput,seruput
195,y,ya
196,next order,pembelian selanjutnya
197,ska,suka
198,mniz,manis
199,kayak,seperti
200,cafÃ©,kafe
201,ku jungi,kunjungi
202,kerja nya,kerjanya
203,mauu,mau
204,amat,banget
205,ribett,ribet
206,tarr,nanti
207,kaloo,kalau
208,redvelvel,red velvet
209,nerima,terima
210,balesin,balas
211,komenan,komentar
212,netijen,netizen
213,duit,uang
214,power play,kekuasaan
215,missinformasi,salah informasi
216,kl,kalau
217,nyebutnya,sebut
218,pala,kepala
219,leds sugar,gula lebih sedikit
220,less sugar,gula lebih sedikit
221,gaena,tidak enak
222,woyy,woi
223,byee,selamat tinggal
224,endingnya,akhirnya
225,normal sugar,gula normal
226,ngerti,mengerti
227,marketing,pemasaran
228,legalnya,legal
229,gwa,saya
230,rs,rumah sakit
231,ajuin,aju
232,makannya,makanya
233,attitude nya,sikap
234,with sugar,dengan gula
235,no sugar,tanpa gula
236,nomor sugar,tanpa gula
237,gula nya,gula
238,enggak,tidak
239,mesen,pesan
240,asem,asam
241,asemnya,asam
242,traumatik,traumatis
243,hallo,halo
244,less,lebih sedikit
245,order,pesan
246,kk,kakak
247,bngt,banget
248,drop,turun
249,sipaling,si paling
250,ko,kok
251,jadiin,jadi
252,kayanya,sepertinya
253,basic,dasar
254,dijelekin,dijelekkan
255,somasiin,somasi
256,ngejelekin,menjelekkan
257,gimans,bagaimana
258,ngomong,berbicara
259,ngomongnya,berbicara
260,posisi in,posisikan
261,ngelakuin,melakukan
262,ngefitnah,memfitnah
263,coklatteh,cokolateh
264,etapi,tetapi
265,opini,pendapat
266,skr,sekarang
267,temenku,temanku
268,se sruput,satu seruput
269,diabet,diabetes
270,gr,gram
271,kudunya,harusnya
272,gasi,tidak sih
273,monmaap,mohon maaf
274,bberapa,beberapa
275,sp,pengemulsi kue
276,velvetnya,velvet
277,strong,kuat
278,handling,penanganan
279,team,tim
280,ny,new york
281,sempet,sempat
282,sihh,sih
283,grgr,gara-gara
284,non sugar,tanpa gula
285,taro nya,taronya
286,ogah,tidak mau
287,commentnya,komentar
288,relate,sesuai
289,manisnyaa,manisnya
290,kayaknya,sepertinya
291,didaftarin,daftar
292,dpilih,dipilih
293,bnget,banget
294,bnyak,banyak
295,market,pasar
296,beneran,benar
297,ae,saja
298,first,pertama
299,first time,pertama kali
300,diabisin,habis
301,nama nya,nama
302,franchise,waralaba
303,apalgi,apalagi
304,ngepost,pos
305,ditwitter,di twitter
306,dlm,dalam
307,diitung,dihitung
308,minim,sedikit
309,gegara,gara-gara
310,sii,sih
311,dikatain,dihina
312,nyumpahin,menyumpahi
313,phk,pemutusan hubungan kerja
314,gemeter,gemetar
315,done,sudah
316,blog,bodoh
317,ngelihat,melihat
318,block,blokir
319,serem,seram
320,nyalahin,menyalahkan
321,mangap,bicara
322,teryata,ternyata
323,management,manajemen
324,lawyer,pengacara
325,customer friendly,ramah pelanggan
326,minus,minum
327,muanise ,manis
328,pwol,banget
329,too much,terlalu banyak
330,booyycoot,boikot
331,fikir,pikir
332,waini,wah ini
333,crisis,krisis
334,managementnya,manajemen
335,murce,murah
336,neko,aneh
337,polah,tingkah
338,gilee,gila
339,bgtt,banget
340,plastic cup,gelas plastik
341,ginian,begini
342,lame,cacat
343,dijawabin,jawab
344,ka,kakak
345,sugar level,level gula
346,hak nya,hak
347,seantero,seluruh
348,bye,selamat tinggal
349,good bye,selamat tinggal
350,kritik nya,kritik
351,apik,bagus
352,galiat,tidak lihat
353,trouble,masalah
354,roasting,ejek
355,triggered,memicu
356,kostumer,pelanggan
357,dolane,mainnya
358,adoh,jauh
359,resign,berhenti
360,bat,banget
361,tastenya,rasanya
362,gakusah,tidak usah
363,danmaaf,dan maaf
364,hello,halo
365,owner,pemilik
366,komplainan,keluhan
367,takud,takut
368,nomor offense,tidak bermaksud menyinggung
369,no offense,tidak bermaksud menyinggung
370,to be honest,sejujurnya
371,untuk be jujur,sejujurnya
372,dijadiin,jadi
373,sad,sedih
374,sebel,sebal
375,dikulitin,dikuliti
376,survive,bertahan
377,first waktu,pertama kali
378,bestseller,terbaik
379,terimakasih,terima kasih
380,hastag,tagar
381,bad,buruk
382,move,langkah
383,bca,baca
384,buangeett,banget
385,muanis,manis
386,beudh,banget
387,tes,teh
388,engkong,kakek
389,mensuspen,menangguhkan
390,pansos,panjat sosial
391,maniez,manis
392,ibarate,ibaratnya
393,uwong,orang
394,sek,yang
395,nek,kalau
396,kui,itu
397,diunekke,dihina
398,ro,oleh
399,nesu,marah
400,njuk,lalu
401,nglaporke,melaporkan
402,wongtuone,orang tua
403,logic,logis
404,ttep,tetap
405,bravo,bagus
406,speedrun,lari yang kencang
407,bankruptcy any,bangkrut
408,ma,mah
409,paporit chizu,favorit chizu
410,avokado,avocado
411,segernya,segar
412,seger,segar
413,kentel,kental
414,overclaim,klaim berlebihan
415,tuh,itu
416,original nya,original
417,dianggep,dianggap
418,kyo,seperti
419,banyu,air
420,wong,orang
421,gentlemen,pria
422,pov,pandangan
423,kurng,kurang
424,value,nilai
425,manis nya,manis
426,perbaikin,perbaiki
427,better,lebih baik
428,smp,sampai
429,prediction,prediksi
430,label nya,label
431,vs,versus
432,satisfy,puas
433,dissatisfy,tidak puas
434,masarin,memasarkan
435,ultraprocessed food,makanan olahan
436,prnya,hubungan masyarakat
437,smpt,sempat
438,gr,gara-gara
439,cm,cuma
440,samsek,sama sekali
441,iku,itu
442,brown sugar,gula merah
443,yapp,ya
444,oversweet,terlalu manis
445,in a bad way,yang buruk
446,koh,kakak
447,plislah,tolong lah
448,buzzer nya,buzzer
449,publik,hubungan
450,coast is clear,masalah selesai
451,red flag,bahaya
452,kedai nya,kedai
453,okeh,oke
454,testi,testimoni
455,backfire,serangan balik
456,baristanya,barista
457,terknal,terkenal
458,bebrbagai,berbagai
459,sibrand,si merek
460,dihatspacein,dihina
461,velnya,velvet
462,illfeel,hilang rasa
463,aer,air
464,wrong,salah
465,wrong move,salah langkah
466,but,tetapi
467,really,sangat
468,unwise,tidak bijaksana
469,merhatiin,memperhatikan
470,beii,beli
471,akn,akan
472,moncor,diare
473,hukum nya,hukum
474,ceo,direktur utama
475,over,lebih
476,rt,membagikan
477,likes,suka
478,perhaps,mungkin
479,the next ,selanjutnya
480,blacklist,daftar hitam
481,voice of customer,suara konsumen
482,emank,memang
483,pain,sakit
484,emphaty,empati
485,byak,banyak
486,sndri,sendiri
487,giungg,giung
488,puyeng,pusing
489,sangking,karena sangat
490,wawawawah,wah
491,nih,ini
492,dapet,dapat
493,cmiiw,koreksi kalau salah
494,lab,laboratorium
495,dak,tidak
496,brand nya,merek
497,jir,anjir
498,keausan,kehausan
499,buseet,buset
500,dibandingin,dibandingkan
501,typo,salah ketik
502,nunjukin,menunjukkan
503,valvet,velvet
504,gur,hanya
505,handle,menangani
506,cool,keren
507,bl,beli
508,based,dasar
509,pulang,paling
510,ngejerumusin,menjerumuskan
511,gws,semoga lekas sembuh
512,kbangetan,kebangetan
513,ngrasa,merasa
514,prmah,pernah
515,mnurutku,menurutku
516,series,varian
517,trima,terima
518,bersrti,berarti
519,respon,respons
520,direspon,respons
521,walopun,walaupun
522,mihil,mahal
523,cancel,batal
524,ditumplek,diberikan
525,koq,kok
526,fans,penggemar
527,leci nya,lecinya
528,saat set saat set,praktis
529,sat set sat set,praktis
530,sat set,praktis
531,nempel,menempel
532,brook,kawan
533,bully,menggertak
534,namain,nama
535,ngelanggar,melanggar
536,hki,hak kekayaan intelektual
537,maniss,manis
538,pr nya,hubungan masyarakat
539,era nya,era
540,k,ke
541,rasain,rasakan
542,bangetz,banget
543,jathuin,menjatuhkan
544,owalah,oalah
545,rego,harga
546,larang,mahal
547,ki,itu
548,ben,agar
549,do,pada
550,skip,lewat
551,back,kembali
552,nyicip,cicip
553,seri,varian
554,used,biasa
555,buy,membeli
556,would,akan
557,it,itu
558,aftertaste,sisa rasa
559,sesachet,satu saset
560,freezer,kulkas
561,shame on,tidak tahu malu
562,shame on you,tidak tahu malu
563,shame on kamu,tidak tahu malu
564,doi,dia
565,dikuliti nya,dikuliti
566,mamam,makan tuh
567,ilfil,hilang rasa
568,ilfeel,hilang rasa
569,stop,berhenti
570,teh ny,teh
571,dibelain,bela
572,point,poin
573,sumpahin,menyumpahi
574,kaka,kakak
575,iah,ya
576,jelasin,menjelaskan
577,kayanya,seperti
578,cpun,satu gelas pun
579,tuit,tweet
580,rekomenin,merekomendasikan
581,n,dan
582,end up nya,akhirnya
583,gaperna,tidak pernah
584,ngupas,mengupas
585,brow,kawan
586,cen,memang
587,kelegen,kemanisan
588,best,terbaik
589,in the,di
590,in,di
591,yupps,ya
592,kirain,saya kira
593,kali,mungkin
594,responnya,respons
595,dikeluarin,dikeluarkan
596,ato,atau
597,dikurangi,kurang
598,no hard feeling,tidak ada perasaan
599,hard,keras
600,feeling,perasaan
601,nomor hard feeling,tidak ada perasaan
602,trending,tren
603,nanggepinnya,menanggapi
604,fomo,takut ketinggalan zaman
605,grand opening,pembukaan
606,luu,kamu
607,bayii,bayi
608,lhoh,lho
609,udel,pusar
610,kau,kamu
611,haki,hak kekayaan intelektual
612,ingredients,bahan-bahan
613,detail nya,detail
614,sumpa,sumpah
615,viralin,memviralkan
616,basenya,dasarnya
617,prtama,pertama
618,milih,memilih
619,pricey,mahal
620,iah,iya
621,karyawan nya,karyawan
622,crew nya,kru
623,customer nya,pelanggan
624,br,baru
625,lm,lama
626,kjdian,kejadian
627,cafe,kafe
628,apalg,apalagi
629,indihom,indihome
630,mlhan,malah
631,digituin,begitu
632,gitu,begitu
633,gini,begini
634,idnonesia,indonesia
635,ni,nih
636,sarkasm,sarkasme
637,ngajak,mengajak
638,anying,anjing
639,ngoreksi,mengoreksi
640,kelar,selesai
641,caption,keterangan
642,goodbye,selamat tinggal
643,les,lebih sedikit
644,muaniz,manis
645,takaranya,takarannya
646,selaen,selain
647,ortu,orang tua
648,ngurus,mengurus
649,manajamennya,manajemen
650,usernya,pengguna
651,publicity stunt,aksi publisitas
652,nurunin,menurunkan
653,kebukti,terbukti
654,itâ€™s a,itu
655,customernya,pelanggan
656,staff,staf
657,fb,makanan dan minuman
658,auto,otomatis
659,bad movement,langkah yang buruk
660,movement,langkah
661,customermu,pelanggan kamu
662,no,tidak
663,marcom nya,marcom
664,kurengg,kurang
665,awareness,kesadaran
666,riview,ulasan
667,malez,malas
668,sugih,kaya
669,terlaluu,terlalu
670,yaelah,ya elah
671,ngata,menghina
672,fair,adil
673,lain-lain nya,lain-lain
674,cakep,bagus
675,next,selanjutnya
676,favku,favorit
677,tea nya,tea
678,outlet,toko
679,mulu,terus
680,mara,marah
681,salahinlah,salahkan
682,indonesia nya,indonesia
683,bkan,bukan
684,yh,ya
685,trtipu,tertipu
686,kotelasi,korelasi
687,pd,pada
688,udahlah,sudah
689,masalin,somasi
690,akuin,mengaku
691,suer,sumpah
692,poll,banget
693,yakali,ya masa
694,dilayanin,dilayani
695,kritkan,kritikan
696,uu,undang-undang
697,yaa,ya
698,batesin,dibatasi
699,people,orang
700,dear,sayang
701,indormasi,informasi
702,over sweet,terlalu manis
703,bayangin,membayangkan
704,simply,mudah
705,some,beberapa
706,bgini,begini
707,permasalahin,permasalahkan
708,bget,banget
709,open,buka
710,feedback,masukan
711,qc,kualitas kontrol
712,store,toko
713,diperhatiin,memperhatikan
714,ttg,tentang
715,pertahanin,pertahankan
716,konsultasiin,konsultasikan
717,image,citra
718,jdnya,jadinya
719,works,bekerja
720,harder,lebih keras
721,loopholenya,jalan keluar
722,legal standingnya,kedudukan hukum
723,nget,banget
724,ikom,ilmu komunikasi
725,nitip,titip
726,half,setengah
727,manizss,manis
728,corn nya,corn
729,usav,usah
730,maniz,manis
731,friendly,bersahabat
732,anjer,anjir
733,legal nya,legal
734,caper,cari perhatian
735,cancelled,batal
736,tatut,takut ketinggalan zaman
737,komersil,komersial
738,manies,manis
739,low,rendah
740,jan,jangan
741,good move,langkah bagus
742,tida,tidak
743,siee,sih
744,ente,kamu
745,gamikir,tidak berpikir
746,kli,kali
747,disampaikn,disampaikan
748,boomerang,bumerang
749,akirnya,akhirnya
750,sskali,sesekali
751,overreacted,bereaksi berlebihan
752,now on,sekarang
753,ngomongin,berbicara
754,pt,perseroan terbatas
755,harus nya,harusnya
756,produk nya,produknya
757,seh,sih
758,cma,Cuma
759,cba,coba
760,against,lawan
761,republic of,republik
762,hashtag,tagar
763,disaster,bencana
764,nyontoh,contoh
765,jiah,ya
766,issuenya,masalah
767,health nya,kesehatan
768,health,sehat
769,nyicipin,mencicip
770,ngambek,merajuk
771,dahal,padahal
772,enakk,enak
773,mesennya,pesannya
774,beres,selesai
775,bi,beli
776,keknya,seperti
777,gilaa,gila
778,dibilang,bilang
779,ngritik,mengkritik
780,cut,potong
781,incident,kejadian
782,well,nah
783,should be,harus
784,educate,mengedukasi
785,their customer,pelanggan mereka
786,their,mereka
787,if,jika
788,there are,ada
789,something,sesuatu
790,like this,seperti ini
791,not,tidak
792,with,dengan
793,those somasi,somasi itu
794,this,ini
795,those,itu
796,no more,tidak lagi
797,nomor more,tidak lagi
798,more,lagi
799,me,saya
800,modar,mati
801,sia,kamu
802,goblog,goblok
803,balance,seimbang
804,njr,anjir
805,ngetweet,membuat tweet
806,gmnaa,gimana
807,gitumah,begitu
808,jeleq,jelek
809,ite,informasi dan transaksi elektronik
810,masyaraka,masyarakat
811,less rasa,kurang rasa
812,yak,ya
813,bangsaat,bangsat
814,antikritik,anti kritik
815,jadiin,menjadikan
816,redvlvt,red velvet
817,management nya,manajemen
818,ohh,oh
819,weekend,hari libur
820,ajj,saja
821,mnuman,minuman
822,aware,sadar
823,plis,tolong
824,dripada,daripada
825,good luck,semoga beruntung
826,canceled,batal
827,dodol,bodoh
828,rispek,menghormati
829,komenin,komentar
830,rekom,merekomendasikan
831,ningkatin,meningkatkan
832,bun,bunda
833,walach,walah
834,beropini,berpendapat
835,gaya nya,gayanya
836,kepo,ingin tahu
837,sekebon,satu kebun
838,top,atas
839,ing,bahan-bahan
840,members,anggota
841,ngerangkul,merangkul
842,ngusir,mengusir
843,existing,yang ada
844,potential,potensial
845,the definition of,definisi
846,killing,membunuh
847,birds,burung
848,stone,batu
849,one,satu
850,sedemen,sesuka
851,demennya,sukanya
852,mamng,paman
853,tee,teh
854,into,ke
855,base,dasar
856,bb,b
857,tydaqkah,tidak kah
858,bhuanyak,banyak
859,copycat,peniru
860,loyalty,loyalitas
861,tak,tidak
862,kulik,kupas
863,mager,malas
864,teanya,tea
865,brandingan,branding
866,direcoki,merecoki
867,ngancem,mengancam
868,sesimple,semudah
869,ngopi,mengopi
870,enakny,enaknya
871,th,tahu
872,trll,terlalu
873,dbwa,dibawa
874,nylekit,menyakitkan hati
875,jadi nya,jadinya
876,gasopan,tidak sopan
877,qrtnya,kutipan tweet
878,gasehat,tidak sehat
879,imo,menurut pendapatku
880,gelud,bertengkar
881,via,lewat
882,dm,pesan langsung
883,hmm,hm
884,plise,tolong
885,atuh,dong
886,itungannya,hitungannya
887,coffee shop,kedai kopi
888,coffee,kopi
889,shop,toko
890,dipasarin,dipasarkan
891,ngancam,mengancam
892,facts,fakta
893,ingredient nya,bahan-bahan
894,ingredient,bahan-bahan
895,fyp,muncul di beranda tiktok
896,rekomen,rekomendasi
897,yaqueen,yakin
898,fuck,persetan
899,mainstream,umum
900,ditawarin,ditawarkan
901,amsyong,sial
902,lawyer nya,pengacara
903,cherrs,bersulang
904,extra,ekstra
905,less,kurang
906,ge,sayang
907,demen,sukanya
908,cokolatehnya,cokolateh
909,movenya,langkah
910,byebye,selamat tinggal
911,jujurly,jujur
912,outlet nya,toko
913,sop,prosedur operasi standar
914,caur,hancur
915,ngereply,membalas
916,apakek,apa
917,perez,kepalsuan
918,thankyou,terima kasih
919,mandengnya,memandangnya
920,waah,wah
921,brandny,merek
922,will,akan
923,anything,apapun
924,qc nya,kualitas kontrol
925,didm,pesan
926,fb,facebook
927,managernya,manajer
928,rating,peringkat
929,okay,oke
930,rekomendasiin,merekomendasikan
931,unpopular opinion,pendapat tidak populer
932,unpopular,tidak populer
933,opinion,pendapat
934,seancur,sehancur
935,ancurnya,hancurnya
936,ngereview,memberikan ulasan
937,ti,tahi
938,kosan,indekos
939,kos,indekos
940,up,naikkan
941,personalitynya,kepribadian
942,ngomong ngomong,berbicara
943,dikatai katai,mengatai
944,sononya,sana
945,seriusin,serius
946,im,saya
947,gonna,akan
948,anymore,lagi
949,diliatnya,dilihat
950,instead of,alih-alih
951,ngejelasin,menjelaskan
952,bhwa,bahwa
953,it means,itu berarti
954,means,berarti
955,jaman,zaman
956,beling,kaca
957,lagii,lagi
958,casenya,kasus
959,too,terlalu
960,much,banyak
961,setdah,buset
962,option,pilihan
963,nunggu,menunggu
964,batu nya,batu
965,rebu,ribu
966,bacain,membaca
967,reply,balasan
968,cantumin,cantumkan
969,akg,angka kecukupan gizi
970,sa,saja
971,apasi,apa sih
972,diributin,diributkan
973,exposure,paparan
974,bgni,begini
975,thats,itu
976,how,bagaimana
977,treat a,memperlakukan
978,nyeduh,seduh
979,nyoos,mantap
980,dulu,dahulu
981,sosmednya,media sosial
982,cringe,jijik
983,rada,agak
984,bar,barbar
985,settingan,pengaturan
986,kang,tukang
987,setelag,setelah
988,sik,sih
989,kcuali,kecuali
990,pms,sindrom pramenstruasi
991,hyperbole,hiperbolis
992,sprtnya,sepertinya
993,basically,dasarnya
994,nanggepin,menanggapi
995,trhadap,terhadap
996,beliin,beli
997,milonya,milo
998,say,sayang
999,balesannya,balasannya
1000,taunya,tahu
1001,gaterima,tidak terima
1002,paitnya,pahit
1003,getting,mendapatkan
1004,this is,ini
1005,bullshit,omong kosong
1006,ice,es
1007,nyinggung,menyinggung
1008,sekedar,sekadar
1009,seeing,melihat
1010,be fair,adil
1011,doakan,saja
1012,ngebuat,membuat
1013,bedain,bedakan
1014,ill,saya akan
1015,say,mengatakan
1016,cheesenya,keju
1017,ajadah,saja
1018,wishing,berharap
1019,a very,sangat
1020,best of luck,semoga berhasil
1021,nyruput,seruput
1022,luck,keberuntungan
1023,denger,dengar
1024,good job,kerja bagus
1025,job,kerja
1026,good,bagus
1027,gpp,tidak apa-apa
1028,tidak-apa-apa,tidak apa-apa
1029,teajus,tea jus
1030,or,atau
1031,planned,berencana
1032,freak,aneh
1033,beginian,begini
1034,abuse of power,penyalahgunaan kekuasaan
1035,abuse of,penyalahgunaan
1036,hellish,jahat
1037,bankruptcy,bangkrut
1038,nyungsep,jatuh
1039,publicity,publisitas
1040,yawda,ya sudah
1041,already,sudah
1042,lost,kehilangan
1043,one of,satu
1044,their loyal,setia mereka
1045,loyal,setia
1046,customers,pelanggan
1047,ketimbang,daripada
1048,dikirimin,kirim
1049,nge somasi,somasi
1050,real life,kehidupan nyata
1051,real,nyata
1052,life,kehidupan
1053,ngamuk,mengamuk
1054,ok,oke
1055,membelj,membeli
1056,klean,kalian
1057,shitpost,pos buruk
1058,menyarakan,menyuarakan
1059,diibaratin,diibaratkan
1060,kesinggung,tersinggung
1061,padahalmah,padahal
1062,ditemani,teman
1063,ownernya,pemilik
1064,your winning,kemenanganmu
1065,your,kamu
1066,winning,kemenangan
1067,sie,sih
1068,petnah,pernah
1069,bini,istri
1070,nyokapnya,ibu
1071,mencret,menceret
1072,etminnya,admin
1073,mass,mas
1074,bakul,penjual
1075,neng,di
1076,kae,itu
1077,didandani,diperbaiki
1078,rasah,tidak perlu
1079,masalah e,masalahnya
1080,dowo,panjang
1081,dadi,jadi
1082,i,itu
1083,unek,hina
1084,unekke,hina
1085,wadul,mengadu
1086,bakalan,akan
1087,adl,adalah
1088,antri,anti
1089,fua,dua
1090,hem,hm
1091,such a,begitu
1092,on,di
1093,your part,pihakmu
1094,part,pihak
1095,such,begitu
1096,euy,ya
1097,seicip,cicip
1098,denial,menyangkal
1099,cizuan,chizu
1100,pol,banget
1101,bran,merek
1102,jualin,menjual
1103,kirain,mengira
1104,tea an,tea
1105,cokelat an,cokelat
1106,sebagain,sebagai
1107,faham,paham
1108,improvement,peningkatan
1109,improve,memperbaiki
1110,napsu,nafsu
1111,akui,mengaku
1112,inii,ini
1113,tambahin,tambahkan
1114,twitnya,tweet
1115,mua,semua
1116,a bad pr,hubungan masyarakat yang buruk
1117,ancem,ancam
1118,beresiko,berisiko
1119,jadiin,menjadikan
1120,ditinggalin,ditinggalkan
1121,kandungan nya,kandungan
1122,biggest fans,penggemar terbesar
1123,biggest,terbesar
1124,chizunya,chizu
1125,berpemanis,manis
1126,men somasi,somasi
1127,manis nis,manis banget
1128,nis,manis
1129,baperan,terbawa perasaan
1130,baidewei,berbicara
1131,wording,kata
1132,ref,referensi
1133,tanyain,tanyakan
1134,ngajakin,mengajak
1135,twittnya,tweet
1136,dikomplen,keluhan
1137,ybs,yang bersangkutan
1138,what the f,persetan
1139,apa the f,persetan
1140,show,menunjukkan
1141,gengs,teman-teman
1142,maennya,main
1143,ass,assalamualaikum
1144,wr,warahmatullahi
1145,wb,wabarakatuh
1146,hoalahh,oalah
1147,luwih,lebih
1148,kretek,jalan
1149,kidul,selatan
1150,kono,sana
1151,somasian,somasi
1152,st,stasiun
1153,gulo,gula
1154,syulit,sulit
1155,tok,saja
1156,udaha,usaha
1157,yh,yah
1158,ptg,penting
1159,jiah,yah
1160,top tier,tingkat atas
1161,tier,tingkat
1162,teh an,teh
1163,rak,tidak
1164,modyar,mati
1165,mu,kamu
1166,dasa,rasa
1167,mengenakan,mengenakkan
1168,outletnya,toko
1169,diksh,beri
1170,nyolot,menantang
1171,tanggal nya,tanggal
1172,lam,lama
1173,sweet tooth,gigi manis
1174,sweet,manis
1175,tooth,gigi
1176,anyi,anti
1177,pos,pos
1178,harmless tweet,tweet berbahaya
1179,harmless,berbahaya
1180,replies,balasan
1181,notes,pesan
1182,wlpn,walaupun
1183,delivery,pengiriman
1184,okelah,oke
1185,ditackle,gasak
1186,ngebelanya,membelanya
1187,segimana,seberapa
1188,redvel,red velvet
1189,ajalah,saja
1190,dessert ,hidangan penutup
1191,ngl,tidak akan berbohong
1192,kau,lalu
1193,ngebelain,membela
1194,kutambahin,tambah
1195,gara-gara,gara-gara
1196,zonk,tidak sesuai harapan
1197,sick,sakit
1198,timeline,lini masa
1199,kilo,kilogram
1200,companynya,perusahaan
1201,campaignnya,kampanye
1202,ngasusin,kasus
1203,pelanggan nya,pelanggan
1204,nakuti,takut
1205,jatuh nya,jatuh
1206,hayolo,hayo
1207,salt nya,salt
1208,sorry to say,maaf untuk mengatakan
1209,sorry untuk say,maaf untuk mengatakan
1210,most,terlalu
1211,overhyped,berlebihan
1212,like a shit,seperti kotoran
1213,like,suka
1214,verasa,terasa
1215,tehan,teh
1216,cosplay,pemermainan kostum
1217,all,semua
1218,lemonandeberry,lemonande berry
1219,roseminggu,membeli lagi seminggu
1220,kopken,kopi kenangan
1221,rame,ramai
1222,ta,tetapi
1223,diposisiin,diposisikan
1224,omongin,berbicara
1225,nyakitin,menyakitkan
1226,yeet,ya
1227,ngelapor,melaporkan
1228,mention,menyebutkan
1229,ceo nya,direktur utama
1230,indomrt,indomart
1231,segambreng,banyak
1232,craving,keinginan
1233,kopsus,kopi susu
1234,insyaf,insaf
1235,nuntut,menuntut
1236,skb,surat keterangan bebas pajak
1237,menkopulhukam,menteri koordinator bidang politik hukum dan keamanan indonesia
1238,demeg,efek
1239,sender,pengirim
1240,edmin,admin
1241,skrinsutan,tangkapan layar
1242,tdnya,tadinya
1243,threadnya,thread
1244,balesan,balasan
1245,dilaporin,dilaporkan
1246,ngapa,kenapa
1247,rnd,penelitian dan pengembangan
1248,buanyak,banyak
1249,pemanisnya,manis
1250,sugar nya,gula
1251,copyright,hak cipta
1252,copyright nya,hak cipta
1253,ughtea,wanita
1254,aselik,asli
1255,banyakin,banyak
1256,manual brew,buat manual
1257,brew,buatan
1258,repharse,ubah kata
1259,nggak,tidak
1260,lu,kamu
1261,perkarain,perkara
1262,think,pikir
1263,riding the wave,memanfaatkan ombak
1264,riding,mengendarai
1265,the wave,ombak
1266,wave,ombak
1267,dikasusin,kasus
1268,reach out,mencapai
1269,reach,mencapai
1270,out,keluar
1271,doa in,mendoakan
1272,mbok ya,kalau
1273,sampe,sampai
1274,dikicok,dikocok
1275,akhir nya,akhirnya
1276,benr,benar
1277,muaniss,manis
1278,nextnya,selanjutnya
1279,brani,berani
1280,orenfud,shopeefood
1281,go food,gofood
1282,dibekuin,dibekukan
1283,macthanya,matcha
1284,lessnya,lebih sedikit
1285,creamynya,lembut
1286,sopnya,standar operasional prosedur
1287,berasa,terasa
1288,thus,dengan demikian
1289,powder,bubuk
1290,icipin,icip
1291,voucher,voucer
1292,ituu,itu
1293,dibilangin,bilang
1294,storenya,toko
1295,big no,tidak
1296,big nomor,tidak
1297,durung,belum
1298,asline,aslinya
1299,dibikin,buat
1300,gakuat,tidak kuat
1301,deketan,dekat
1302,wondering,bertanya
1303,worry,khawatir
1304,dipakein,pakai
1305,semana,seberapa
1306,gadoyan,tidak suka
1307,too sweet,terlalu manis
1308,seriously,serius
1309,percumacukup,percuma cukup
1310,apus,hapus
1311,plss,tolong
1312,class,kelas
1313,lawsuit,gugatan
1314,gulebay,gula lebai
1315,bagik,bagi saya
1316,nggarai,membuat
1317,with this one,dengan yang satu ini
1318,mbak nya,mbak
1319,rv nya,red velvet
1320,mabisnya,manis
1321,besok nya,besoknya
1322,banana nya,pisang
1323,serial,varian
1324,oenderita,penderita
1325,estehsusu,es teh susu
1326,bpom,badan pengawas obat dan makanan
1327,ditaker,ditakar
1328,beut,banget
1329,mostly,sebagian besar
1330,sampek,sampai
1331,gmau,tidak mau
1332,anyingg,anjing
1333,kak,kakak
1334,bodoamat,tidak peduli
1335,meren,mungkin
1336,teamnya,tim
1337,hey,halo
1338,maap,maaf
1339,yaah,yah
1340,no purchase,tidak ada pembelian
1341,nomor purchase,tidak ada pembelian
1342,purchase,pembelian
1343,then,kemudian
1344,munculah,muncul
1345,aand,dan
1346,guess,tebak
1347,random,acak
1348,unjungnya,ujungnya
1349,legak,legal
1350,ngapain,kenapa
1351,dibarengin,dibarengi
1352,minimunny,minumannya
1353,zero,nol
1354,somasi nya,somasi
1355,ygy,ya teman ya
1356,respek,menghormati
1357,nyebut,menyebutkan
1358,tweetnya,tweet
1359,play,bermain
1360,gangotak,tidak pakai otak
1361,komplex,kompleks
1362,katain,kata
1363,dikata katain,dihina
1364,aduhh,aduh
1365,asyik,asik
1366,somasipantesan,somasi pantas
1367,cha,chatime
1368,karyawanny,karyawan
1369,ngeselin,kesal
1370,didenger,didengar
1371,awaa,awas
1372,abang nya,abang
1373,komplek,keluhan
1374,mon,mohon
1375,teamnnya,tim
1376,muaniis,manis
1377,ngetag,menandai
1378,twitt,tweet
1379,jadiny,jadinya
1380,power abuse,penyalahgunaan kekuasaan
1381,abuse,penyalahgunaan
1382,monggo,ayo
1383,langsunh,langsung
1384,nge evaluasi,evaluasi
1385,kedepanny,kedepannya
1386,audience,pendengar
1387,terkesan,kesan
1388,nga,tidak
1389,just be carefull,hati-hati saja
1390,just be,hanya
1391,carefull,hati-hati
1392,tidak ngotak,tidak pakai otak
1393,ngotak,pakai otak
1394,biarin,membiarkan
1395,rebranding,mengubah citra merek
1396,new,baru
1397,nahan,menahan
1398,chat,pesan
1399,wasap,whatsapp
1400,ngambekan,merajuk
1401,korup,korupsi
1402,brkata,berkata
1403,dm tipe,diabetes melitus tipe
1404,blok,goblok
1405,ngait in,mengaitkan
1406,dikata in,dihina
1407,mh,mah
1408,bomat,bodoh amat
1409,pelanggan ny,pelanggannya
1410,lh,lah
1411,bertindah,bertindak
1412,ngerri,ngeri
1413,gemes,gemas
1414,beet,banget
1415,loohh,loh
1416,die,dia
1417,laah,lah
1418,sok an,sok
1419,hiihijgn,jangan
1420,menegor,menegur
1421,pengin,ingin
1422,estehini,es teh ini
1423,mnrut,menurut
1424,ank,anak
1425,tbtb,tiba-tiba
1426,normalisasiin,menormalisasikan
1427,omongan,berbicara
1428,climate change dnier,menyangkal perubahan iklim
1429,climate,iklim
1430,change,mengubah
1431,denier,menyangkal
1432,fiks,fix
1433,s,es
1434,mmaksa,memaksa
1435,customernyq,pelanggannya
1436,harusny,harusnya
1437,dajjal,dajal
1438,digituin,gitu
1439,customer nya,pelanggannya
1440,jelasin,jelaskan
1441,sosoan,sok
1442,indon,indonesia
1443,nyantai,santai
1444,lebay,lebai
1445,dicobain,dicoba
1446,chizuredvlvt,chizu red velvet
1447,nenggiurkan,menggiurkan
1448,bukn,bukan
1449,d katai,dihina
1450,menormalisasikn,menormalisasikan
1451,d,di
1452,mentingin,mementingkan
1453,casually mocking,mengejek dengan santai
1454,mocking,mengejek
1455,casually,santai
1456,selangin,selangit
1457,cacad,cacat
1458,just an opinion,hanya pendapat
1459,just an,hanya
1460,marketnya,pasarnya
1461,direvie,diulas
1462,yha,yah
1463,meng somasi,somasi
1464,yaelah,yah
1465,lihatin,lihat
1466,etmin,admin
1467,sebagai nya,sebagainya
1468,pt nya,perseroan terbatas
1469,resikonya,risikonya
1470,awalnua,awalnya
1471,bhw,bahwa
1472,ngebela,membela
1473,harsh way,cara yang kasar
1474,harsh,kasar
1475,way,cara
1476,mrembet,merembet
1477,lagi gak,lagi tidak
1478,owner nya,pemiliknya
1479,interesting case,kasus yang menarik
1480,interesting,menarik
1481,case,kasus
1482,case study,studi kasus
1483,study,studi
1484,dianjgin,anjing
1485,extrim,ekstrem
1486,ditakedown,dihapus
1487,staf nya,staf
1488,nyedot,menyedot
1489,bo,huuu
1490,tqm,manajemen kualitas total
1491,ehrigho,erigo
1492,inimah,ini mah
1493,ngide,ide
1494,spv,supervisor
1495,temenmu,teman mu
1496,franchise nya,waralaba
1497,subyektif,subjektif
1498,yahh,yah
1499,bocil,anak kecil
1500,dibandinkan,dibandingkan
1501,maksa,memaksa
1502,abg,anak baru gede
1503,polisi nya,polisi
1504,pengacara nya,pengacara
1505,teriakin,teriak
1506,gegayaan,gaya
1507,shock,kaget
1508,kzl,kesal
1509,kami,kamu
1510,gosah,tidak usah
1511,sh,sarjana hukum
1512,maluin,memalukan
1513,donk,dong
1514,ngegas,gas
1515,hadeehh,hadeh
1516,dimention,disebutkan
1517,az,saja
1518,begok,bodoh
1519,elaah,elah
1520,kuatin,kuatkan
1521,thd,terhadap
1522,lihatin,melihat
1523,aph,apa
1524,ortunya,orang tua
1525,lurusin,meluruskan
1526,lurusinnya,meluruskan
1527,dirut,direktur utama
1528,fitnahan,fitnah
1529,elegan nya,elegan
1530,complimentary,gratis
1531,menepis,tepis
1532,nyeret,seret
1533,support,mendukung
1534,lemot,lambat
1535,gausa,tidak usah
1536,nanggepin nya,menanggapi
1537,merespon,respons
1538,sebenere,sebenarnya
1539,segede,sebesar
1540,sebaperan,terbawa perasaan
1541,naca,baca
1542,giungnya,giung
1543,spill,bongkar rahasia
1544,konsumen nya,konsumen
1545,masio,meskipun
1546,klpk,kelompok
1547,msl,massal
1548,benerin,membenarkan
1549,betingkah,tingkah
1550,dina,hina
1551,ter alat,alat
1552,et,es teh
1553,kemkes,kementerian kesehatan
1554,yabg,yang
1555,ke gni,seperti ini
1556,gni,begini
1557,tonk,tong
1558,kumpeni,perusahaan
1559,point out,menunjukkan
1560,bukan nya,bukan
1561,bgnt,banget
1562,dikatai,dihina
1563,lovers,penggemar
1564,oranv,orang tua
1565,udamah,sudah mah
1566,nguji,menguji
1567,ind,indonesia
1568,ngadepin,menghadapi
1569,ngelaporin,melaporkan
1570,langsubg,langsung
1571,dek,adik
1572,jajran,jajaran
1573,risk,risiko
1574,aggressive,agresif
1575,reviewer,pengulas
1576,nomor more buying products,tidak lagi beli produk
1577,products,produk
1578,buying,membeli
1579,guys,teman
1580,qrt,kutipan tweet
1581,buntungdapet,buntung dapat
1582,develop,mengembangkan
1583,new produk,produk baru
1584,nyusahin,menyusahkan
1585,marketing nya,pemasarannya
1586,dibilnag,bilang
1587,keculi,kecuali
1588,persaingn,persaingan
1589,aanya,adanya
1590,sensitive,sensitif
1591,cuekin,cuek
1592,kekanakan,kekanak
1593,down,turun
1594,prik,aneh
1595,muji,memuji
1596,cemen,lemah
1597,permenkes,peraturan menteri kesehatan
1598,realize,sadar
1599,whatsoever,apapun
1600,fnb,makanan dan minuman
1601,sounds,terdengar
1602,lmao,tertawa lepas
1603,anyway,bagaimanapun
1604,ditelan,telan
1605,nyerang,menyerang
1606,mayan,lumayan
1607,ketrigger,picu
1608,followersnya,pengikutnya
1609,serebu,seribu
1610,folowersnya,pengikutnya
1611,idk,saya tidah tahu
1612,ngeritik,mengkritik
1613,oya,iya
1614,ngincip,icip
1615,yatuhan,ya tuhan
1616,ever,pernah
1617,drink,minum
1618,pantesan,pantas
1619,complaint,keluhan
1620,dpikir,dipikir
1621,esteh nya,es teh
1622,karyawannya,karyawan
1623,minteh,admin teh
1624,jng,jangan
1625,perusahan,perusahaan
1626,ngasal,sembarangan
1627,ngedefense,membela
1628,marahin,memarahi
1629,nyeduh,menyeduh
1630,perasaan,rasa
1631,pack,bapak
1632,sd,sekolah dasar
1633,kakak nya,kakak
1634,nyebutnya,menyebutkan
1635,lwbay,lebay
1636,twt,tweet
1637,western,barat
1638,orang nya,orang
1639,produk ny,produknya
1640,tebh,teh
1641,asal an,asal
1642,ceplas ceplos,ceplas-ceplos
1643,legal e,legal
1644,internale,internal
1645,bg,abang
1646,ambe,sama
1647,jarene,katanya
1648,pr e,hubungan masyarakat
1649,somasi e,somasi
1650,wess,sudah
1651,sing,yang
1652,kemanisen,kemanisan
1653,malu in,memalukan
1654,masukan nya,masukannya
1655,pie,bagaimana
1656,addict,pecandu
1657,coffee dan tea addict,pecandu kopi dan teh
1658,buat nya,untuknya
1659,buat ku,untuk aku
1660,etdah,buset dah
1661,sensi,sensitif
1662,somse,sombong sekali
1663,oiya,iya
1664,rep,balasan
1665,nomor interest at all,tidak tertarik sama sekali
1666,no more interest at all,tidak tertarik sama sekali
1667,interest,tertarik
1668,at all,sama sekali
1669,nyamain,menyamakan
1670,professional,profesional
1671,naas,nahas
1672,untung nya,untungnya
1673,kritikan nya,kritikannya
1674,ruu,rancangan undang-undang
1675,power nya,kekuatannya
1676,trpenting,terpenting
1677,klau,kalau
1678,dikomplai,keluhan
1679,da,dan
1680,menjarain,memenjara
1681,hkum,hukum
1682,brand image,citra merek
1683,jngn,jangan
1684,repliesnya,balasannya
1685,cu,itu
1686,giung nya,giung
1687,memesan,pesan
1688,ingredients nya,bahan-bahan
1689,manggil,memanggil
1690,notice,melihat
1691,benerin,benar
1692,are kamu,apakah kamu
1693,are you,apakah kamu
1694,kidding,bercanda
1695,are you kidding me,apakah kamu bercanda
1696,gamaunya,tidak mau
1697,mengemonteri,komentar
1698,somasa,somasi
1699,terang an,terang
1700,berterima kasih,terima kasih
1701,ha,hah
1702,setiao,setiap
1703,skrang,sekarang
1704,nyahut,sahut
1705,kustomer,pelanggan
1706,customer care,layanan pelanggan
1707,retweet,tweet ulang
1708,cakep,cantik ganteng
1709,pesas,pantas
1710,segitu,sebegitu
1711,korut,korea utara
1712,survey,survei
1713,netes,menetas
1714,serah,terserah
1715,tuk,untuk
1716,nyudutin,menyudutkan
1717,komit,komitmen
1718,dinotice,dilihat
1719,merajok,merajuk
1720,mesti,pasti
1721,te,teh
1722,dianjingin,anjing
1723,diselesaiin,selesai
1724,up,naik
1725,concern,khawatir
1726,ketemu,bertemu
1727,ketemuan,bertemu
1728,tanggungjawab,tanggung jawab
1729,mosok,masa
1730,ekspersi,ekspresi
1731,say,katakan
1732,id,indonesia
1733,brandingnya,branding
1734,mleber,melebar
1735,estes,es teh
1736,kesalahan nya,kesalahannya
1737,sue,sial
1738,hoax,berita palsu
1739,miss informasi,salah informasi
1740,speech,pidato
1741,gakcuma,tidak cuma
1742,th,tahun
1743,blkg,belakangan
1744,adjust,menyesuaikan
1745,diblg,bilang
1746,ngluarin,mengeluarkan
1747,sblmny,sebelumnya
1748,gentle,ramah
1749,gentleman,pria
1750,enggak,tidak
1751,dicantumin,tercantum
1752,kg nya,kilogram
1753,bawain,membawakan
1754,plus,tambah
1755,gulaa,gula
1756,dahlah,sudah lah
1757,sirop,sirup
1758,ahh,ah
1759,bokin,pacar
1760,buseet,buset dah
1761,non,tanpa
1762,gslh,tidak salah
1763,of human,manusia
1764,eror of human,kesalahan manusia
1765,eror,kesalahan
1766,masnyaa,mas
1767,dasarnyaa,dasar
1768,gituu,begitu
1769,awak,saya
1770,lagu nya,lagak
1771,kompeni,perusahaan
1772,point nya,poin
1773,dimn,dimana
1774,shrsnya,seharusnya
1775,enjoy,menikmati
1776,nyebar,menyebar
1777,nyebar,sebar
1778,onoh,itu
1779,nglawan,melawan
1780,netyzen,netizen
1781,gatakut,tidak takut
1782,lagipula,lagi pula
1783,ngeshare,membagikan
1784,apasii,apa sih
1785,jdinya,jadinya
1786,alasanya,alasan
1787,bececeran,berceceran
1788,smart,pintar
1789,smart move,langkah pintar
1790,ngangkat,mengangkat
1791,ambassador,ambasador
1792,bgn,begini
1793,tadz,ustaz
1794,recipenya,resep
1795,cursed,terkutuk
1796,bapernya,terbawa perasaan
1797,ngesomasi,somasi
1798,tegor,tegur
1799,iya in,iya
1800,iyain,iya
1801,sc,sumber
1802,twt,twitter
1803,ajasi,saja sih
1804,tee,tea
1805,ndon,indonesia
1806,crm,pengelolaan hubungan dengan pelanggan
1807,bli,beli
1808,x y,kali ya
1809,limitless,tidak terbatas
1810,funds,dana
1811,treat,memperlakukan
1812,figure,tokoh
1813,publik figure,tokoh masyarakat
1814,limitless funds,dana tidak terbatas
1815,yasudahlah,ya sudah lah
1816,mngkritik,kritik
1817,pemerintaha,pemerintah
1818,dihh,dih
1819,berantakan,berantak
1820,gabut,tidak memiliki kegiatan
1821,jugaan,juga
1822,the beauty of,keindahan
1823,nerbitin,menerbitkan
1824,ngetik,mengetik
1825,draft,draf
1826,wordingnya,susunan kata
1827,blepotan,berantak
1828,self,sendiri
1829,evaluation,evaluasi
1830,self evaluation,evaluasi diri
1831,pertimbangan nya,pertimbangan
1832,food,makanan
1833,food base,base makanan
1834,gais,teman
1835,moga,semoga
1836,sono,sana
1837,waduu,waduh
1838,jelekkin,menjelekkan
1839,lha,lah
1840,yah,yang
1841,harga nya,harga
1842,masup,masuk
1843,je,ke
1844,dibrand,merek
1845,alesan,alasan
1846,la,lah
1847,smangat,semangat
1848,tunjukkin,menunjukkan
1849,disuruh,diminta
1850,delete,hapus
1851,ss,tangkapan layar
1852,share,membagikan
1853,nge blacklist,daftar hitam
1854,muluk,terus
1855,makany,maka
1856,bgitu,begitu
1857,bljr,belajar
1858,bhsa,bahasa
1859,dimanfaatin,dimanfaatkan
1860,ditweet,tweet
1861,influencer,pemberi pengaruh
1862,seleb,selebritas
1863,geming,gaming
1864,kocak geming,lucu
1865,sense,rasa
1866,humor sense,rasa humor
1867,komplainnya,keluhan
1868,nasehat,nasihat
1869,big,besar
1870,scroll,menggulir
1871,thats not,itu bukan
1872,not,bukan
1873,kutukan,kutuk
1874,hujaters,penghujat
1875,lain nya,lain
1876,ngehujat,menghujat
1877,kalen,kalem
1878,naeknya,naik
1879,bedain,membedakan
1880,diemin,diam
1881,ooihh,oh
1882,dikomen,komentar
1883,nyambung,sambung
1884,gmnasi,gimana sih
1885,dikurangin,kurang
1886,yaallah,ya allah
1887,akutuu,aku
1888,flaws,kekurangan
1889,kedaftar,terdaftar
1890,merknya,merek
1891,hasil nya,hasil
1892,sebalik nya,sebaliknya
1893,nyangkut,menyangkut
1894,didiskusiin,didiskusikan
1895,than,dari
1896,sett,buset
1897,jelekin,menjelekkan
1898,rd,penelitian dan pengembangan
1899,nangis,tangis
1900,temlen,lini masa
1901,nyangka,menyangka
1902,kejerat,terjerat
1903,takedown,dihapus
1904,imagenya,citra
1905,rules,aturan
1906,passl,pasal
1907,santuy,santai
1908,tackut,takut
1909,lari nya,lari
1910,gaje,tidak jelas
1911,spele,sepele
1912,kelagepan,gelagapan
1913,dibalikin,balik
1914,ngasal,sembarangan
1915,nge tweet,tweet
1916,udahlah,sudah lah
1917,ngutip,mengutip
1918,nyebutin,menyebutkan
1919,najong,najis
1920,salah nya,salahnya
1921,gimanapun,bagaimana
1922,taianj,tahi anjing
1923,pengertian nya,pengertian
1924,berekspresi,eskpresi
1925,learning,belajar
1926,ter somasi,somasi
1927,bisnis nya,bisnisnya
1928,ign,ingin
1929,financial,keuangan
1930,risknya,risiko
1931,black,hitam
1932,skg,sekarang
1933,tweets,tweet
1934,as critics,sebagai kritik
1935,tergesa gesa,tergesa-gesa
1936,dikasihanin,kasihan
1937,dinormalin,menormalisasikan
1938,tambahin,menambahkan
1939,adminnya,admin
1940,gemez nya,gemes
1941,imho,menurut pendapat saya
1942,campaign,kampanye
1943,konsumennya,konsumen
1944,draftnya,draf
1945,ngiklan,iklan
1946,essehindo,es teh indonesia
1947,criticnya,kritikannya
1948,ngebales,membalas
1949,dibales,dibalas
1950,ketauan,ketahuan
1951,yakalo,ya kalau
1952,darisitu,dari situ
1953,smh,geleng kepala
1954,kelihatan,terlihat
1955,perusahaan nya,perusahaan
1956,mature,dewasa
1957,hadeuh,hadeh
1958,disediain,sedia
1959,crew,kru
1960,semanis,manis
1961,ms,masa
1962,gabaku,tidak baku
1963,ngajarinnya,mengajari
1964,sambat,mengeluh
1965,bukanny,bukan
1966,consumernya,konsumen
1967,ngejual,menjual
1968,kenak,terkena
1969,s,sarjana
1970,ojo,jangan
1971,moves,langkah
1972,bad moves,langkah yang buruk
1973,embrace,merangkul
1974,bukannya,bukan
1975,diurusin,urus
1976,dirjen,direktur jenderal
1977,sepenuh nya,sepenuhnya
1978,bahasa nya,bahasa
1979,diframe,bingkai
1980,nyomasi,somasi
1981,njirr,anjir
1982,promote,promosi
1983,marketingnya,pemasarannya
1984,bgt,banget
1985,msing,masing
1986,trgantung,tergantung
1987,keluar nya,keluar
1988,leat,lihat
1989,sdm,sumber daya manusia
1990,ketakar,terlihat
1991,toi,tetapi
1992,ngungkapin,mengungkapkan
1993,reviewnya,ulasan
1994,gmood,tidak berminat
1995,bkin,buat
1996,produk nya,produk
1997,mnj,manajemen
1998,disappointed,kecewa
1999,disappointed with this move,kecewa dengan langkah ini
2000,solution,solusi
2001,say goodbye,mengatakan selamat tinggal
2002,to be honest,jujur
2003,untuk be jujur,jujur
2004,asuu,asu
2005,nonjok,tonjok
2006,reperensi,referensi
2007,nikmatin,nikmat
2008,outlet an,toko
2009,image nya,citra
2010,semena,wenang
2011,semena mena,sewenang-wenang
2012,ngirimin,kirim
2013,fast,cepat
2014,response,respons
2015,driven,didorong
2016,message,pesan
2017,digimar,pemasaran digital
2018,dibaikin,baik
2019,ngeriview,mengulas
2020,akuin,akui
2021,katrok,katro
2022,complainnya,keluhan
2023,mbh,mbah
2024,pait,pahit
2025,fly,terbang
2026,dibikinin,buat
2027,ape,apa
2028,wihh,wih
2029,goks,gokil
2030,nanggung,menanggung
2031,di lakukin,dilakukan
2032,untk,untuk
2033,gimn,bagaimana
2034,be wise,bijak
2035,leading the,memimpin
2036,wise,bijak
2037,frontliner nya,frontliner
2038,kakanya,kakak
2039,kann,kan
2040,error,eror
2041,diseriusin,serius
2042,bersbr,bersabar
2043,naikin,naik
2044,menu nya,menu
2045,belajarlah,belajar
2046,millenial,milenial
2047,orba,orde baru
2048,yaampun,ya ampun
2049,in conclusion,kesimpulannya
2050,lets just,mari
2051,true ,benar
2052,it was a,itu
2053,reply nya,balasan
2054,eti,es teh indonesia
2055,opportunity,peluang
2056,melokalisir,lokalisasi
2057,akh,ah
2058,marn,main
2059,maen,main
2060,raa,rasa
2061,screw you,dasar
2062,normalisasiin,normalisasi
2063,ngumpat,mengumpat
2064,ngesabotase,sabotase
2065,screw kamu,dasar
2066,msa,masa
2067,gnian,begini
2068,bknnya,bukan
2069,legalny,legal
2070,intern,magang
2071,korkom nya,koordinator komisariat
2072,nda,tidak
2073,baikla,baiklah
2074,elah,yah
2075,sajaa,saja
2076,soksokan,sok
2077,dicengin,ejek
2078,nawarin,menawarkan
2079,iyaa,iya
2080,sepowerful,kuat
2081,issuenya,isu
2082,memolai,memulai
2083,tim nya,tim
2084,snk ny,syarat dan ketentuan
2085,sistem ny,sistemnya
2086,opresif,absolut
2087,franchisenya,waralaba
2088,mengecek,cek
2089,jiaah,yah
2090,gabikin,tidak buat
2091,nihh,nih
2092,ngerembet,merembet
2093,fixed up,diperbaiki
2094,ati,hati-hati
2095,borutod,boruto
2096,ketimbang,timbang
2097,import,impor
2098,export,ekspor
2099,eksport,ekspor
2100,bngst,bangsat
2101,bapuk,usang
2102,boss,bos
2103,ancyur,hancur
2104,lapo,kenapa
2105,seng,yang
2106,ber etika,etika
2107,trainer,pelatih
2108,chuakks,chuaks
2109,anjrit,anjir
2110,dengerin,dengar
2111,invests,investasi
2112,on them,ke mereka
2113,feel,merasa
2114,pressed,ditekan
2115,kenapa do mereka feel,kenapa mereka merasa
2116,hu,wu
2117,get,mendapatkan
2118,the idea,ide
2119,of using,menggunakan
2120,capital,kapital
2121,everytime,setiap kali
2122,write,menulis
2123,niru,meniru
2124,using,menggunakan
2125,term,istilah
2126,donâ€™t,tidak
2127,nanggapi,menanggapi
2128,tntang,tentang
2129,pmasaran,pemasaran
2130,subjektifitas,subjektivitas
2131,de,deh
2132,lsg,langsung
2133,mentrigger,memicu
2134,diblg,dibilang
2135,bnran,benar
2136,kmanisan,kemanisan
2137,bknny,bukannya
2138,diprbaiki,diperbaiki
2139,chatme,chatime
2140,diksi,kasih
2141,prsen,persen
2142,noh,tuh
2143,fak,persetan
2144,brandz,merek
2145,gmana,bagaimana
2146,dicancel,batal
2147,semena mena,semena
2148,permasalahin,mempermasalahkan
2149,ngorek,korek
2150,effort,usaha
2151,estehnya,es teh
2152,mu,mau
2153,endonesia,indonesia
2154,followernya,pengikut
2155,impactnya,dampak
2156,large,besar
2157,jngankan,jangankan
2158,*memohon,memohon
2159,nyadar,sadar
2160,redvelvet nya,red velvet
2161,poor,buruk
2162,decision,keputusan
2163,isok,bisa
2164,pensi,pensiun
2165,tumbas,beli
2166,intropeksi,introspeksi
2167,jenama,ternama
2168,kocagg,kocak
2169,gublu,goblok
2170,der,blunder
2171,becandain,bercanda
2172,nunggu,tunggu
2173,nyusruk,jatuh
2174,attack,serangan
2175,brandingg,branding
2176,tehh,teh
2177,benernya,benar
2178,d kaui,diakui
2179,kaui,akui
2180,gulannya,gula
2181,sebentarx,sebentar
2182,ngajuin,mengajukan
2183,banyakk,banyak
2184,nganggep,menganggap
2185,ptnya,perseroan terbatas
2186,dikasarin,kasar
2187,milih,pilih
2188,taek,tahi
2189,saleslu,sales kamu
2190,produklu,produk kamu
2191,lain-lain nya,lain
2192,selamam,semalam
2193,gaenakk,tidak enak
2194,handlingnya,penanganan
2195,anehh,aneh
2196,freshgraduate,lulusan baru
2197,hrusnya,harusnya
2198,dikaish,kasih
2199,parahh,parah
2200,kelen,kalian
2201,bi,bahasa indonesia
2202,akm,asesmen kompetensi minimum
2203,cokk,cok
2204,sharusnya,seharusnya
2205,dripda,daripada
2206,congrat,selamat
2207,trash,sampah
2208,krng,kurang
2209,over lebay,terlalu lebai
2210,nuangin,menuangkan
2211,replyan,balasan
2212,nitizen,netizen
2213,kenain,kena
2214,komplain,keluhan
2215,remed,remedial
2216,dadaah,dadah
2217,just,hanya
2218,lost,hilang
2219,hrsny,harusnya
2220,diinjek,injak
2221,injek,injak
2222,tinggalin,meninggalkan
2223,dipermasalahin,masalah
2224,digging,menggali
2225,grave,kuburan
2226,own,sendiri
2227,digging their own grave,menggali kuburan mereka sendiri
2228,layangin,melayangkan
2229,jelek nya,jelek
2230,typikal,tipikal
2231,meng highlight,menyorot
2232,sung,langsung
2233,mengali,menggali
2234,approach nya,pendekatan
2235,approach,pendekatan
2236,standart,standar
2237,behavior,perilaku
2238,mengimprove,meningkatkan
2239,padhl,padahal
2240,cantumin,mencantumkan
2241,nutrition,gizi
2242,facts nya,fakta
2243,b aja,biasa saja
2244,by,dari
2245,bb,biasa
2246,tir,ketir
2247,insecure,tidak percaya diri
2248,ngerekomen,rekomendasi
2249,is the,adalah
2250,worst,terburuk
2251,pemanis,manis
2252,ajuin,mengajukan
2253,pure,murni
2254,diendorse,endorse
2255,twitternya,twitter
2256,modyar,mati
2257,d tiktok,di tiktok
2258,nyb,coba
2259,tgh,tengah
2260,blik,balik
2261,mnman,minuman
2262,sgking,karena sangat
2263,mnisny,manisnya
2264,prtes,protes
2265,akuu,aku
2266,shame,malu
2267,koment,komentar
2268,nyebelin,menyebalkan
2269,was,waswas
2270,ngikut,ikut
2271,pastes,pantas
2272,bikon,buat
2273,aur,berhamburan
2274,auran,berhamburan
2275,main nya,main
2276,kebebasam,kebebasan
2277,salahin,salah
2278,bb saja,biasa saja
2279,provider,penyedia
2280,jatohnya,jatuhnya
2281,hemm,hm
2282,kunsumen,konsumen
2283,revirw,ulasan
2284,et,buset
2285,ngadi,mengadu
2286,hiperbolik,hiperbolis
2287,bandingin,membandingkan
2288,bedain,beda
2289,negerespon,respons
2290,pasahal,padahal
2291,dibiarin,biar
2292,ngeh,sadar
2293,nomor,tidak
2294,my,saya
2295,lyfe,hidup
2296,family,keluarga
2297,kamu nya,kamu
2298,denied,menyangkal
2299,past,lampau
2300,tense,waktu
2301,prmohonan,permohonan
2302,are,adalah
2303,glad,senang
2304,that,bahwa
2305,recently,akhir-akhir ini
2306,frik,aneh
2307,twt,tweet
2308,ggr,gara-gara
2309,brapa,berapa
2310,bantahann,bantahan
2311,vaalid,valid
2312,psi,pepsi
2313,cuih,cih
2314,corporate,perusahaan
2315,nyusahein,menyusahkan
2316,section,bagian
2317,komplenan,keluhan
2318,emosyenel,emosional
2319,section nya,bagian
2320,seleranaja,selera saja
2321,under,dibawah
2322,redflag,bahaya
2323,critics,kritik
2324,solely,semata
2325,custnya,pelanggan
2326,income,pendapatan
2327,the critics,kritik
2328,the,itu
2329,ditandain,tanda
2330,cui,coy
2331,ngediemin,diam
2332,yuck,menjijikkan
2333,engagement,perjanjian
2334,yaqinlah,yakin lah
2335,forever,selamanya
2336,dijelasin,jelas
2337,tenggelem,tenggelam
2338,duh,aduh
2339,brarti,berarti
2340,sma,sama
2341,bkalan,bakalan
2342,miss leading,menyesatkan
2343,its,itu
2344,klen,kalian
2345,bertingkah,tingkah
2346,pro,profesional
2347,infographic,infografik
2348,ugc,buatan pengguna
2349,belebihan,berlebihan
2350,fail,gagal
2351,ngedraft,draf
2352,telor,telur
2353,taiin,tahi
2354,ngehandle,menangani
2355,dikencengin,kencang
2356,ngekritik,kritik
2357,itumah,itu mah
2358,meeting,pertemuan
2359,ruin,menghancurkan
2360,betol,betul
2361,direbetin,ribet
2362,kerad,keras
2363,dirubah,diubah
2364,komennya,komentar
2365,ngomentarinya,komentar
2366,despite,meskipun
2367,disumpahin,sumpah
2368,bola,berulang
2369,turning,berputar
2370,complaint,keluhan
2371,mndg,lebih baik
2372,sobat,sahabat
2373,ihh,ih
2374,jijique,jijik
2375,gass,ayo
2376,terlanjur,telanjur
2377,blaas,sama sekali
2378,stay,tetap
2379,atut,takut
2380,pen,ingin
2381,ngeteh,minum teh
2382,rekues,meminta
2383,disater,bencana
2384,mampos,mampus
2385,them,mereka
2386,tanggepin,menanggapi
2387,aplg,apalagi
2388,kenyataanya,kenyataan
2389,uncontrol,lepas kendali
2390,pnjg,panjang
2391,attacknya,serangan
2392,terrible,ngeri
2393,maker,pembuat
2394,maker nya,pembuat
2395,dumb,bodoh
2396,destroy,menghancurkan
2397,brands,merek
2398,ciye,cie
2399,ngritik,kritik
2400,drafternya,draf
2401,font nya,jenis huruf
2402,font,jenis huruf
2403,astagaa,astaga
2404,sebegtu,sebegitu
2405,lil,kecil
2406,bit,sedikit
2407,lil bit,sedikit
2408,hhaadeehh,hadeh
2409,bg,bagi
2410,endak,tidak
2411,lawong,orang
2412,rill,nyata
2413,dicounter,melawan
2414,honestly,sejujurnya
2415,komentarin,komentar
2416,idup,hidup
2417,kenek,kena
2418,kudune,harusnya
2419,sik,dulu
2420,nek enek,jika ada
2421,hy,hanya
2422,piyik,kecil
2423,keleus,kali
2424,dimasukin,masuk
2425,uuite,undang-undang informasi dan transaksi elektronik
2426,saranin,saran
2427,diterusin,diteruskan
2428,udahalah,sudahlah
2429,have,mempunyai
2430,movementnya,langkah
2431,powerplay,kekuasaan
2432,nder,sender
2433,poko,pokok
2434,chzu,chizu
2435,sbgian,sebagian
2436,hits,hit
2437,demen,suka
2438,non,tidak
2439,beud,banget
2440,non sense,omong kosong
2441,virel,viral
2442,lebi,lebih
2443,cem,macam
2444,er,eiger
2445,tanggapin,menanggapi
2446,overpriced,terlalu mahal
2447,jah,yah
2448,damage,kerugian
2449,controlnya,kontrol
2450,dha,dah
2451,es the,es teh
2452,nyeremin,seram
2453,pls,tolong
2454,pulsa,tolong
2455,misinformasi,salah informasi
2456,ngonten,membuat konten
2457,ngetwitt,membuat tweet
2458,brand nya,brand
2459,haduhh,haduh
2460,critique,kritik
2461,dulunya,dahulu
2462,bruh,kawan
2463,bilangin,bilang
2464,papa,apa-apa
2465,variant,varian
2466,viralnya,viral
2467,instead,alih-alih
2468,esmosi,emosi
2469,ngecemarin,mencemarkan
2470,lho,loh
2471,toxic,buruk
2472,diancem,diancam
2473,okee,oke
2474,ajaa,saja
2475,dihandle,menangani
2476,mengkritikny,kritik
2477,backlash,reaksi
2478,saved,simpan
2479,the letter,surat itu
2480,sebarin,sebar
2481,buy,beli
2482,dilepeh,muntah
2483,di lepeh,muntah
2484,sekip,lewat
2485,chef,koki
2486,marnat,mana
2487,upload,mengunggah
2488,cz,chizu
2489,didiemin,diam
2490,segitunya,sebegitunya
2491,ra,tidak
2492,ngombe,minum
2493,pathekan,apa-apa
2494,uhh,uh
2495,idk,saya tidak tahu
2496,let it be,membiarkan
2497,bgst,bangsat
2498,bukanya,bukannya
2499,orkay,orang kaya
2500,taste,rasa
2501,gerai nya,gerai
2502,silahkan,silakan
2503,ben,biar
2504,menyebabknan,menyebabkan
2505,kerugiaan,kerugian
2506,restorative,restoratif
2507,ginisih,begini sih
2508,egk,tidak
2509,she,sih
2510,minuman nya,minuman
2511,sori,maaf
2512,pengemis,kemis
2513,economy,ekonomi
2514,diperjualbelikan,memperjualbelikan
2515,tersevut,tersebut
2516,berekpresi,berekspresi
2517,ass,pantat
2518,ngoreksi,koreksi
2519,doxxing,doksing
2520,baikin,bersifat baik
2521,nyampah,sampah
2522,hiperbola,hiperbolis
2523,main ny,mainnya
2524,coii,coy
2525,oyy,oi
2526,oy,oi
2527,a,sebuah
2528,dilampiri,dilampirkan
2529,end,akhirnya
2530,c,chizu
2531,sugar,gula
2532,enek,ada
2533,nying,anjing
2534,anjrit,anjir
2535,yaqueenn,yakin
2536,wartegnya,warung tegal
2537,wuis,wah
2538,wiih,wah
2539,wei,oi
2540,waw,wow
2541,voice,suara
2542,viralkan,viral
2543,uud,undang undang dasar
2544,unhealthy,tidak sehat
2545,ultraprocessed,ultra proses
2546,udahmah,sudah mah
2547,ui,universitas indonesia
2548,twiiter,twitter
2549,twit,tweet
2550,ketir,ketir
2551,there,di sana
2552,tertawa,tertawa
2553,tele,tahi
2554,tehesindo,es teh indonesia
2555,tedekat,terdekat
2556,tau,tahu
2557,stunt,aksi
2558,standingnya,kedudukan
2559,stand,berdiri
2560,somehow,bagaimanapun
2561,snk,syarat dan ketentuan
2562,slavinah,slavina
2563,siomai,siomay
2564,should,harus
2565,shit,sial
2566,sesaset,satu saset
2567,segerr,segar
2568,screw,dasar
2569,sayabajerestehindonesia,saya buzzer es teh indonesia
2570,resto,restoran
2571,republic,republik
2572,rephrase,parafrasa
2573,relations,hubungan
2574,rejeki,rezeki
2575,record,catatan
2576,recokin,recok
2577,realnya,nyata
2578,prubahan,perubahan
2579,prrmohonan,permohonan
2580,problem,masalah
2581,plastic,plastik
2582,pink,merah muda
2583,perushaan,perusahaan
2584,penyalahgunaan,salah guna
2585,pede,percaya diri
2586,pemasukannya,pemasukan
2587,paporitchizu,favorit chizu
2588,opening,pembukaan
2589,omset,omzet
2590,woi,oi
2591,woy,oi
2592,offense,menyinggung
2593,nutrion,nutrisi
2594,ngomong,berbicara
2595,ngeyel,eyel
2596,ngetwiit,membuat tweet
2597,ngetweet,membuat tweet
2598,ngerespon,respons
2599,ngambek,merajuk
2600,ngasal,sembarangan
2601,ngait,kait
2602,ngaku,mengaku
2603,nang,di
2604,nasehat,nasihat
2605,nahita,nagita
2606,muanise,manis
2607,mu,kamu
2608,miss,salah
2609,mishandled,salah penanganan
2610,minumanya,minum
2611,minumanny,minum
2612,milky,susu
2613,mengkiritk,kritik
2614,mengesampingkanseolah,mengesampingkan olah
2615,mengahadapi,menghadapi
2616,mendem,terpuruk
2617,memviralkan,membuat viral
2618,memperjualbelikan,jual beli
2619,memeberikan,memberikan
2620,memberitahu,memberi tahu
2621,mejadikan,menjadikan
2622,marcom,komunikasi pemasaran
2623,mall,mal
2624,males,malas
2625,makjrengnya,makjreng
2626,makasi,terima kasih
2627,mabis,manis
2628,lychee,leci
2629,luarbiasa,luar biasa
2630,lihatin,lihat
2631,lewan,lewat
2632,letter,surat
2633,lets,ayo
2634,let,biarlah
2635,lemonadeberry,lemonade berry
2636,leds,lebih sedikit
2637,lebay,lebai
2638,leading,memimpin
2639,leaflet,selebaran
2640,lagigak,lagi tidak
2641,laden,melayani
2642,kritikk,kritik
2643,korkom,koordinator komisariat
2644,kompalainan,keluhan
2645,komen,komentar
2646,klrafikasi,klarifikasi
2647,kirimin,kirim
2648,keubun,ubun
2649,ketulungan,keterlaluan
2650,ketidaksukaan,tidak suka
2651,ketidakpuasan,tidak puas
2652,pengen,ingin
2653,kemaisan,kemanisan
2654,keknyaa,sepertinya
2655,kekanak,kanak-kanak
2656,kebangetaan,kebangetan
2657,katai,hina
2658,jungi,kunjungi
2659,jugaa,juga
2660,jatuhin,jatuh
2661,janngan,jangan
2662,intrsopeksi,introspeksi
2663,instrospeksi,introspeksi
2664,infografis,infografik
2665,indonesias,indonesia
2666,indhom,indihome
2667,indhme,indihome
2668,ikutin,ikut
2669,idea,ide
2670,huuu,hu
2671,human,manusia
2672,hujatanmakian,hujatan makian
2673,hiya,iya
2674,highlight,menyorot
2675,helloo,halo
2676,haduh,waduh
2677,gundilnya,gundil
2678,green,hijau
2679,grand,besar
2680,goodluck,semoga beruntung
2681,go,gofood
2682,ghendoy,ghandoyy
2683,ghaudy,ghandoyy
2684,ghandoy,ghandoyy
2685,ghandi,ghandoyy
2686,gemez,gemas
2687,gede,besar
2688,gandoy,ghandoyy
2689,gandi,ghandoyy
2690,gandhuy,ghandoyy
2691,gandhoyy,ghandoyy
2692,gandhi,ghandoyy
2693,gandhoy,ghandoyy
2694,fuss,keributan
2695,flag,bahaya
2696,fixed,fix
2697,esti,es teh indonesia
2698,estehindo,es teh indonesia
2699,est,es teh indonesia
2700,eskpresi,ekspresi
2701,escendolindonesia,es cendol indonesia
2702,emang,memang
2703,ekspetasi,ekspektasi 
2704,duluan,dahulu
2705,driapda,daripada
2706,don,tidak
2707,ditujukkan,ditujukan
2708,ditanggapin,tanggap
2709,direview,ulasan
2710,diarahin,diarahkan
2711,dessert,hidangan penutup
2712,dengn,dengan
2713,definition,definisi
2714,dah,sudah
2715,daftarin,daftar
2716,cuit,tweet
2717,criticism,kritik
2718,creamy,lembut
2719,costumer,pelanggan
2720,conclusion,kesimpulan
2721,cookiescream,cookies cream
2722,corn,jagung
2723,coast,biaya
2724,clear,jelas
2725,cleanser,pembersih
2726,chtme,chatime
2727,chizzu,chizu
2728,china,cina
2729,chesse,keju
2730,catering,katering
2731,care,layanan
2732,belur,balur
2733,kuburanya,kuburan
2734,bund,bunda
2735,bu,ibu
2736,booming,naik
2737,bgaimana,bagaimana
2738,berterimakasih,terima kasih
2739,berlebihann,berlebihan
2740,berlakukepatutan,berlaku kepatutan
2741,berfikirnya,berpikir
2742,berfikir,berpikir
2743,berekspektasi,ekspektasi 
2744,beauty,kecantikan
2745,bankrut,bangkrut
2746,bangat,banget
2747,banana,pisang
2748,balesnya,balas
2749,bali,kali
2750,backfirenya,serangan balik
2751,attitude,sikap
2752,at,pada
2753,astaghfirullah,astagfirullah
2754,as,sebagai
2755,any,setiap
2756,beramai,ramai
2757,allhamdulilah,alhamdulillah
2758,ais,ai
2759,beragam,ragam
2760,adminya,admin
2761,about,tentang
2762,abang,abang
2763,kementrian,kementerian
2764,counter,melawan
2765,pembelinya,pembeli
2766,begerak,bergerak
2767,becanda,bercanda
2768,barusan,baru saja
2769,true ,benar
2770,adem,santai
2771,baper,terbawa perasaan
2772,bejibun,banyak
2773,belepotan,tidak rapi
2774,brengsek,berengsek
2775,bumn,badan usaha milik negara
2776,degan,takut
2777,digruduk,serbu
2778,ditanggapin,menanggapi
2779,eskpresi,ekspresi
2780,eyd,ejaan yang disempurnakan
2781,gede,besar
2782,humas,hubungan masyarakat
2783,ilfilnya,hilang rasa
2784,indoapril,indomart
2785,kai,kereta api indonesia
2786,amburadul,berantakan
2787,berantem,bertengkar
2788,antek,kaki tangan
2789,asu,anjing
2790,dibarengi,diikuti
2791,bareng,bersama
2792,mikir,berpikir
2793,mikirnya,berpikir
2794,mikirny,berpikir
2795,bikon,buat
2796,bikin,buat
2797,budek,tuli
2798,cuan,untung
2799,dadah,selamat tinggal
2800,darimana,dari mana
2801,dam,terpuruk
2802,mendam,terpuruk
2803,emg,memang
2804,eskpresi,ekspresi
2805,gegabah,ceroboh
2806,gitu,begitu
2807,gimana,bagaimana
2808,goblok,bodoh
2809,digituin,begitu
2810,gmnasi,bagaimana
2811,gmnaa,bagaimana
2812,hai,halo
2813,komen,komentar
2814,comment,komentar
2815,komersil,komersial
2816,ngeladenin,menanggapi
2817,meladeni,menanggapi
2818,kuhp,kitab undang-undang hukum pidana
2819,gulebay,gula lebai
2820,lwbay,lebai
2821,liatin,lihat
2822,malez ,malas
2823,viralin,membuat viral
2824,koplak,lucu
2825,mencak,marah
2826,misuh,memaki
2827,modar,mati
2828,muhasabah,introspeksi
2829,advice,nasihat
2830,nangis,tangis
2831,mewek,tangis
2832,ngambek,merajuk
2833,point,poin
2834,spbu,stasiun pengisian bahan bakar umum
2835,sanking,karena sangat
2836,sebel,sebal
2837,kesebelan,sebal
2838,omsetmu,omzet
2839,mengiyakan,setuju
2840,warteg,warung tegal
2841,warganet,warga internet
2842,yuk,ayo
2843,ujug,tiba
2844,veggie,vegetarian
2845,tks,terima kasih
2846,thanks,terima kasih
2847,gatau,tidak tahu
2848,tapikan,tetapi
2849,tapipun,tetapi
2850,osis,organisasi siswa intrasekolah
2851,pln,perusahaan listrik negara
2852,persero,perusahaan perseroan
2853,sarkas,sarkasme
2854,hoek,mual
2855,bilang,berbicara
2856,omong,berbicara
2857,ngomong,berbicara
2858,ngotot,mengotot
2859,ketimbang,daripada
2860,legal,hukum
2861,simpel,mudah
2862,standing,kedudukan
2863,simple,mudah
2864,sepet,sepat
2865,seilfil,hilang rasa
2866,resek,usil
2867,nyelekit,menyakitkan hati
2868,ngetwit,membuat tweet
2869,ngebet,rasa ingin sekali
2870,ketar ketir,khawatir
2871,terlau,terlalu
2872,ditelen,telan
2873,taulah,tahu
2874,gtw,tidak tahu
2875,standingya,kedudukan
2876,sok,berlagak
2877,sepetnya,sepat
2878,sekalinya,sekali
2879,receh,sepele
2880,posting,pos
2881,postingan,unggahan
2882,dipoin,poin
2883,poll,banget
2884,pol,banget
2885,btw,berbicara
2886,ngawur,sembarangan
2887,modar,mati
2888,micin,vetsin
2889,mnding,lebih baik
2890,mendingan,lebih baik
2891,mampet,pampat
2892,mampus,mati
2893,kumat,kambuh
2894,kompeni,perusahaan
